CustomerID,Recency,Frequency,Monetary,R,F,M,RFM_Total,Segment
18219,3,10,2069.77,5,5,5,15,Champion
18241,10,17,2073.09,5,5,5,15,Champion
14209,11,6,2073.43,5,5,5,15,Champion
14696,5,7,2078.95,5,5,5,15,Champion
16954,1,9,2085.08,5,5,5,15,Champion
18044,5,10,2088.60,5,5,5,15,Champion
17490,1,7,2092.32,5,5,5,15,Champion
13571,13,12,2092.32,5,5,5,15,Champion
18283,4,16,2094.88,5,5,5,15,Champion
13126,5,8,2099.64,5,5,5,15,Champion
17861,4,8,2100.80,5,5,5,15,Champion
16407,13,10,2126.93,5,5,5,15,Champion
16966,9,7,2154.97,5,5,5,15,Champion
12935,3,7,2160.70,5,5,5,15,Champion
13755,4,9,2161.35,5,5,5,15,Champion
12856,8,6,2179.93,5,5,5,15,Champion
12783,3,6,2225.91,5,5,5,15,Champion
14825,4,12,2226.91,5,5,5,15,Champion
16076,4,10,2234.73,5,5,5,15,Champion
14560,8,22,2237.77,5,5,5,15,Champion
14432,10,6,2255.51,5,5,5,15,Champion
16782,11,13,2279.90,5,5,5,15,Champion
12684,8,7,2283.63,5,5,5,15,Champion
13704,6,9,2308.06,5,5,5,15,Champion
13994,4,6,2313.14,5,5,5,15,Champion
17744,4,6,2322.40,5,5,5,15,Champion
17954,6,12,2332.72,5,5,5,15,Champion
12584,4,9,2338.15,5,5,5,15,Champion
12704,8,8,2340.84,5,5,5,15,Champion
14309,9,9,2352.53,5,5,5,15,Champion
15755,11,6,2364.25,5,5,5,15,Champion
17434,3,7,2373.82,5,5,5,15,Champion
17530,2,10,2385.00,5,5,5,15,Champion
18065,6,14,2392.83,5,5,5,15,Champion
15373,9,12,2415.91,5,5,5,15,Champion
15089,11,6,2420.84,5,5,5,15,Champion
16143,4,6,2424.94,5,5,5,15,Champion
13949,3,6,2427.32,5,5,5,15,Champion
13784,10,11,2462.79,5,5,5,15,Champion
15750,3,8,2465.48,5,5,5,15,Champion
14766,9,6,2473.37,5,5,5,15,Champion
17188,12,7,2474.23,5,5,5,15,Champion
17682,11,6,2474.33,5,5,5,15,Champion
15932,5,8,2495.87,5,5,5,15,Champion
15271,8,15,2507.07,5,5,5,15,Champion
13394,2,8,2520.02,5,5,5,15,Champion
17449,3,7,2520.86,5,5,5,15,Champion
14659,9,9,2529.93,5,5,5,15,Champion
14701,11,9,2549.37,5,5,5,15,Champion
15572,5,7,2552.86,5,5,5,15,Champion
18245,8,7,2567.06,5,5,5,15,Champion
15033,5,10,2586.67,5,5,5,15,Champion
14243,9,10,2588.77,5,5,5,15,Champion
14408,11,7,2606.53,5,5,5,15,Champion
16241,10,13,2607.87,5,5,5,15,Champion
14397,3,19,2612.96,5,5,5,15,Champion
13021,5,9,2616.38,5,5,5,15,Champion
14262,9,8,2618.23,5,5,5,15,Champion
18210,2,6,2621.38,5,5,5,15,Champion
18077,9,11,2633.01,5,5,5,15,Champion
17402,5,13,2633.85,5,5,5,15,Champion
17655,11,7,2638.94,5,5,5,15,Champion
14713,10,11,2666.36,5,5,5,15,Champion
17346,4,15,2676.56,5,5,5,15,Champion
17386,8,6,2686.42,5,5,5,15,Champion
18097,8,6,2697.80,5,5,5,15,Champion
14732,9,8,2702.49,5,5,5,15,Champion
15796,2,8,2711.56,5,5,5,15,Champion
13870,3,8,2770.94,5,5,5,15,Champion
17739,12,7,2791.35,5,5,5,15,Champion
13769,3,10,2796.51,5,5,5,15,Champion
15993,9,7,2797.57,5,5,5,15,Champion
16764,4,13,2799.25,5,5,5,15,Champion
13230,5,14,2806.97,5,5,5,15,Champion
18230,10,7,2810.20,5,5,5,15,Champion
14572,4,7,2832.84,5,5,5,15,Champion
15984,3,10,2837.67,5,5,5,15,Champion
14711,11,11,2868.80,5,5,5,15,Champion
15628,5,9,2870.24,5,5,5,15,Champion
18144,8,12,2888.75,5,5,5,15,Champion
17644,2,11,2895.64,5,5,5,15,Champion
14868,4,8,2953.59,5,5,5,15,Champion
17924,12,7,2962.50,5,5,5,15,Champion
15854,5,12,2974.65,5,5,5,15,Champion
14032,3,11,2975.59,5,5,5,15,Champion
15687,9,9,2993.10,5,5,5,15,Champion
12598,10,8,3023.08,5,5,5,15,Champion
16393,3,13,3046.21,5,5,5,15,Champion
14456,6,9,3062.40,5,5,5,15,Champion
18272,3,6,3078.58,5,5,5,15,Champion
16905,6,7,3102.43,5,5,5,15,Champion
16678,3,12,3109.99,5,5,5,15,Champion
16326,6,14,3110.96,5,5,5,15,Champion
13685,3,7,3119.44,5,5,5,15,Champion
16156,9,9,3122.04,5,5,5,15,Champion
15861,13,8,3165.36,5,5,5,15,Champion
17231,13,10,3174.32,5,5,5,15,Champion
13758,12,7,3190.55,5,5,5,15,Champion
14388,11,8,3212.84,5,5,5,15,Champion
15443,2,7,3236.91,5,5,5,15,Champion
14702,2,17,3292.14,5,5,5,15,Champion
17183,8,6,3347.31,5,5,5,15,Champion
16818,11,11,3349.57,5,5,5,15,Champion
16011,9,16,3362.71,5,5,5,15,Champion
13198,11,6,3401.24,5,5,5,15,Champion
13536,2,7,3448.29,5,5,5,15,Champion
13014,11,10,3466.28,5,5,5,15,Champion
16458,3,18,3482.74,5,5,5,15,Champion
14907,4,7,3501.10,5,5,5,15,Champion
14395,3,9,3507.71,5,5,5,15,Champion
16360,5,6,3512.53,5,5,5,15,Champion
13953,8,7,3515.68,5,5,5,15,Champion
14503,4,6,3543.26,5,5,5,15,Champion
15544,10,9,3546.71,5,5,5,15,Champion
17491,2,10,3558.87,5,5,5,15,Champion
14132,3,11,3586.03,5,5,5,15,Champion
16242,9,7,3603.21,5,5,5,15,Champion
17576,9,19,3622.68,5,5,5,15,Champion
17528,2,8,3628.50,5,5,5,15,Champion
13426,1,10,3641.32,5,5,5,15,Champion
16712,10,11,3645.43,5,5,5,15,Champion
12417,4,9,3649.10,5,5,5,15,Champion
13137,11,8,3650.41,5,5,5,15,Champion
12553,9,10,3692.28,5,5,5,15,Champion
14282,4,15,3729.34,5,5,5,15,Champion
17238,3,17,3744.65,5,5,5,15,Champion
16904,5,16,3754.27,5,5,5,15,Champion
17173,6,8,3766.60,5,5,5,15,Champion
12562,9,7,3781.74,5,5,5,15,Champion
16168,11,27,3787.60,5,5,5,15,Champion
16145,9,11,3799.49,5,5,5,15,Champion
13435,6,7,3809.89,5,5,5,15,Champion
15867,6,15,3812.64,5,5,5,15,Champion
17091,3,9,3827.76,5,5,5,15,Champion
13266,12,12,3834.26,5,5,5,15,Champion
12662,1,11,3849.78,5,5,5,15,Champion
14291,2,11,3883.25,5,5,5,15,Champion
13999,11,12,3901.81,5,5,5,15,Champion
14739,5,7,3902.28,5,5,5,15,Champion
17651,12,10,3945.00,5,5,5,15,Champion
13183,8,9,3957.78,5,5,5,15,Champion
14299,9,9,3965.62,5,5,5,15,Champion
12727,11,7,3980.70,5,5,5,15,Champion
17611,8,15,3984.22,5,5,5,15,Champion
17001,1,11,3989.57,5,5,5,15,Champion
17769,13,10,3997.98,5,5,5,15,Champion
14547,4,8,4007.54,5,5,5,15,Champion
12957,10,8,4017.54,5,5,5,15,Champion
12841,5,25,4022.35,5,5,5,15,Champion
14401,5,13,4051.48,5,5,5,15,Champion
14092,8,14,4076.91,5,5,5,15,Champion
16401,2,12,4098.32,5,5,5,15,Champion
16592,5,16,4113.68,5,5,5,15,Champion
12569,3,32,4124.69,5,5,5,15,Champion
15514,13,11,4139.46,5,5,5,15,Champion
16549,11,10,4154.64,5,5,5,15,Champion
15570,8,12,4165.52,5,5,5,15,Champion
18041,12,21,4183.39,5,5,5,15,Champion
12747,3,11,4196.01,5,5,5,15,Champion
17920,5,17,4204.10,5,5,5,15,Champion
15804,1,13,4206.39,5,5,5,15,Champion
17419,12,12,4226.57,5,5,5,15,Champion
14422,1,6,4263.64,5,5,5,15,Champion
17937,9,7,4301.22,5,5,5,15,Champion
12347,3,7,4310.00,5,5,5,15,Champion
17567,8,8,4331.48,5,5,5,15,Champion
16626,1,17,4413.10,5,5,5,15,Champion
13069,1,24,4436.12,5,5,5,15,Champion
14534,3,18,4447.05,5,5,5,15,Champion
14085,3,18,4448.54,5,5,5,15,Champion
12627,11,7,4478.53,5,5,5,15,Champion
17364,1,11,4481.18,5,5,5,15,Champion
12524,10,8,4485.72,5,5,5,15,Champion
13267,3,19,4521.49,5,5,5,15,Champion
17068,13,21,4552.14,5,5,5,15,Champion
16931,6,21,4604.22,5,5,5,15,Champion
14390,11,9,4652.82,5,5,5,15,Champion
14189,3,15,4654.08,5,5,5,15,Champion
14191,2,13,4684.76,5,5,5,15,Champion
14135,2,15,4690.31,5,5,5,15,Champion
15152,10,13,4745.69,5,5,5,15,Champion
14180,11,25,4748.52,5,5,5,15,Champion
12955,2,11,4757.16,5,5,5,15,Champion
15187,2,16,4777.18,5,5,5,15,Champion
15298,3,12,4799.90,5,5,5,15,Champion
17365,13,8,4801.56,5,5,5,15,Champion
15555,13,16,4805.17,5,5,5,15,Champion
13013,2,13,4810.94,5,5,5,15,Champion
14292,8,9,4871.93,5,5,5,15,Champion
12664,9,9,4881.88,5,5,5,15,Champion
12437,2,18,4951.41,5,5,5,15,Champion
15547,8,14,4954.84,5,5,5,15,Champion
14755,10,11,5010.28,5,5,5,15,Champion
17426,9,6,5037.26,5,5,5,15,Champion
14562,4,18,5074.77,5,5,5,15,Champion
16700,9,13,5076.55,5,5,5,15,Champion
17602,3,6,5102.97,5,5,5,15,Champion
15903,10,7,5126.76,5,5,5,15,Champion
13599,2,21,5153.67,5,5,5,15,Champion
17858,6,12,5155.66,5,5,5,15,Champion
16191,3,13,5180.52,5,5,5,15,Champion
13756,3,14,5189.52,5,5,5,15,Champion
15046,10,15,5213.77,5,5,5,15,Champion
12362,4,10,5226.23,5,5,5,15,Champion
17730,4,13,5298.48,5,5,5,15,Champion
13269,2,15,5346.23,5,5,5,15,Champion
16701,9,13,5398.30,5,5,5,15,Champion
12490,6,10,5417.93,5,5,5,15,Champion
18198,5,17,5425.56,5,5,5,15,Champion
16265,10,9,5447.00,5,5,5,15,Champion
18225,4,12,5509.12,5,5,5,15,Champion
16161,2,19,5575.56,5,5,5,15,Champion
12839,3,14,5591.42,5,5,5,15,Champion
17757,2,30,5605.29,5,5,5,15,Champion
14688,8,21,5630.87,5,5,5,15,Champion
18118,11,26,5653.82,5,5,5,15,Champion
13004,12,18,5655.91,5,5,5,15,Champion
17049,3,9,5659.98,5,5,5,15,Champion
14110,4,12,5683.15,5,5,5,15,Champion
13468,2,37,5704.97,5,5,5,15,Champion
17686,8,7,5739.46,5,5,5,15,Champion
15218,11,11,5756.89,5,5,5,15,Champion
12720,3,25,5781.73,5,5,5,15,Champion
13534,3,25,5870.08,5,5,5,15,Champion
14415,2,13,5900.28,5,5,5,15,Champion
14735,4,32,6065.69,5,5,5,15,Champion
13418,12,18,6127.43,5,5,5,15,Champion
14060,5,19,6140.42,5,5,5,15,Champion
17315,2,38,6292.26,5,5,5,15,Champion
13709,4,13,6328.05,5,5,5,15,Champion
13668,3,21,6363.59,5,5,5,15,Champion
13102,2,24,6424.09,5,5,5,15,Champion
13225,4,7,6463.84,5,5,5,15,Champion
15694,1,14,6479.40,5,5,5,15,Champion
18223,5,14,6484.54,5,5,5,15,Champion
15144,9,17,6580.44,5,5,5,15,Champion
16353,4,23,6675.71,5,5,5,15,Champion
16746,5,18,6697.66,5,5,5,15,Champion
13576,11,18,6717.34,5,5,5,15,Champion
15601,12,14,6776.56,5,5,5,15,Champion
18055,8,10,6784.19,5,5,5,15,Champion
15023,4,11,6802.76,5,5,5,15,Champion
12989,4,15,6924.11,5,5,5,15,Champion
12766,4,7,6989.63,5,5,5,15,Champion
14961,11,9,7044.68,5,5,5,15,Champion
13985,5,15,7060.13,5,5,5,15,Champion
16873,5,6,7123.62,5,5,5,15,Champion
16923,13,19,7247.61,5,5,5,15,Champion
18229,12,20,7276.90,5,5,5,15,Champion
12583,3,15,7281.38,5,5,5,15,Champion
13263,2,35,7454.07,5,5,5,15,Champion
15194,4,15,7616.53,5,5,5,15,Champion
17811,5,39,7837.73,5,5,5,15,Champion
15290,5,18,7943.22,5,5,5,15,Champion
14796,2,17,8022.49,5,5,5,15,Champion
18109,2,26,8052.97,5,5,5,15,Champion
13854,9,25,8109.52,5,5,5,15,Champion
16672,3,20,8134.94,5,5,5,15,Champion
14056,2,23,8214.65,5,5,5,15,Champion
16558,1,20,8338.49,5,5,5,15,Champion
15358,5,22,8347.20,5,5,5,15,Champion
12683,5,15,8476.57,5,5,5,15,Champion
14527,3,55,8508.82,5,5,5,15,Champion
17306,11,19,8631.31,5,5,5,15,Champion
17243,2,26,8676.85,5,5,5,15,Champion
17017,3,20,8694.26,5,5,5,15,Champion
16033,6,20,8816.40,5,5,5,15,Champion
13090,9,14,8910.82,5,5,5,15,Champion
13969,8,18,9053.94,5,5,5,15,Champion
18092,3,11,9068.26,5,5,5,15,Champion
14667,11,25,9241.20,5,5,5,15,Champion
14367,9,16,9261.52,5,5,5,15,Champion
16523,2,21,9418.47,5,5,5,15,Champion
13458,8,14,9646.57,5,5,5,15,Champion
15078,8,32,9743.11,5,5,5,15,Champion
13199,4,38,9817.12,5,5,5,15,Champion
13001,5,13,9818.82,5,5,5,15,Champion
15615,11,23,10399.74,5,5,5,15,Champion
14062,10,12,10464.85,5,5,5,15,Champion
15251,10,11,10484.99,5,5,5,15,Champion
17706,5,17,10504.49,5,5,5,15,Champion
16779,3,22,10629.72,5,5,5,15,Champion
14769,3,8,10674.75,5,5,5,15,Champion
13319,6,26,10845.55,5,5,5,15,Champion
17581,1,25,11045.04,5,5,5,15,Champion
14895,8,20,11138.71,5,5,5,15,Champion
12971,4,86,11189.91,5,5,5,15,Champion
14194,5,21,11349.52,5,5,5,15,Champion
14606,2,93,12156.65,5,5,5,15,Champion
13113,1,24,12245.96,5,5,5,15,Champion
12682,4,31,12288.22,5,5,5,15,Champion
15640,5,15,12515.66,5,5,5,15,Champion
13078,4,26,12627.94,5,5,5,15,Champion
14258,10,9,12669.98,5,5,5,15,Champion
16525,3,26,13027.45,5,5,5,15,Champion
17735,3,19,13110.02,5,5,5,15,Champion
15498,3,27,13316.40,5,5,5,15,Champion
12433,1,7,13375.87,5,5,5,15,Champion
12621,2,20,13689.67,5,5,5,15,Champion
16705,1,20,14034.99,5,5,5,15,Champion
14866,11,12,14389.90,5,5,5,15,Champion
16133,4,33,14589.04,5,5,5,15,Champion
14051,1,23,15610.39,5,5,5,15,Champion
15189,2,41,16225.39,5,5,5,15,Champion
17677,2,30,16363.23,5,5,5,15,Champion
15856,5,27,16387.57,5,5,5,15,Champion
12921,10,37,16587.09,5,5,5,15,Champion
16839,9,34,16594.35,5,5,5,15,Champion
13881,4,20,17159.52,5,5,5,15,Champion
13767,3,37,17220.36,5,5,5,15,Champion
17428,1,28,17256.85,5,5,5,15,Champion
14031,8,19,17286.86,5,5,5,15,Champion
12901,9,28,17654.54,5,5,5,15,Champion
15159,2,30,18641.01,5,5,5,15,Champion
12471,3,30,19824.05,5,5,5,15,Champion
15039,10,47,19914.44,5,5,5,15,Champion
17381,9,29,20275.61,5,5,5,15,Champion
17675,2,31,20374.28,5,5,5,15,Champion
16210,2,18,21086.30,5,5,5,15,Champion
13777,1,33,25977.16,5,5,5,15,Champion
16333,8,22,26626.80,5,5,5,15,Champion
17857,5,23,26879.04,5,5,5,15,Champion
13408,2,62,28117.04,5,5,5,15,Champion
13081,12,11,28337.38,5,5,5,15,Champion
13098,2,28,28882.44,5,5,5,15,Champion
17389,1,34,31833.68,5,5,5,15,Champion
17404,5,15,31906.82,5,5,5,15,Champion
15838,12,19,33643.08,5,5,5,15,Champion
12748,1,209,33719.73,5,5,5,15,Champion
16013,4,47,37130.60,5,5,5,15,Champion
13798,2,57,37153.85,5,5,5,15,Champion
17841,2,124,40991.57,5,5,5,15,Champion
14088,11,13,50491.81,5,5,5,15,Champion
14298,9,44,51527.30,5,5,5,15,Champion
15061,4,48,54534.14,5,5,5,15,Champion
15769,8,26,56252.72,5,5,5,15,Champion
17949,2,45,58510.48,5,5,5,15,Champion
13089,3,97,58825.83,5,5,5,15,Champion
15311,1,91,60767.90,5,5,5,15,Champion
13694,4,50,65039.62,5,5,5,15,Champion
14096,5,17,65164.79,5,5,5,15,Champion
16684,5,28,66653.56,5,5,5,15,Champion
17511,3,31,91062.38,5,5,5,15,Champion
14156,10,55,117379.63,5,5,5,15,Champion
14911,2,201,143825.06,5,5,5,15,Champion
17450,9,46,194550.79,5,5,5,15,Champion
18102,1,60,259657.30,5,5,5,15,Champion
14646,2,73,280206.02,5,5,5,15,Champion
17673,2,6,1629.12,5,5,4,14,Champion
15024,10,10,1661.33,5,5,4,14,Champion
15214,2,8,1661.44,5,5,4,14,Champion
13012,10,8,1661.84,5,5,4,14,Champion
16115,10,8,1667.97,5,5,4,14,Champion
16813,9,10,1692.98,5,5,4,14,Champion
16775,11,11,1695.66,5,5,4,14,Champion
17451,2,7,1721.40,5,5,4,14,Champion
16359,8,9,1750.92,5,5,4,14,Champion
14215,12,6,1789.72,5,5,4,14,Champion
18179,10,6,1793.17,5,5,4,14,Champion
17750,6,9,1797.57,5,5,4,14,Champion
17629,6,8,1814.12,5,5,4,14,Champion
17705,4,9,1823.52,5,5,4,14,Champion
18122,9,6,1826.21,5,5,4,14,Champion
13924,2,6,1838.85,5,5,4,14,Champion
18180,5,6,1843.75,5,5,4,14,Champion
16979,4,6,1852.00,5,5,4,14,Champion
12963,9,8,1856.63,5,5,4,14,Champion
12423,1,8,1859.31,5,5,4,14,Champion
16474,8,7,1871.50,5,5,4,14,Champion
17293,9,9,1875.11,5,5,4,14,Champion
13890,2,10,1883.81,5,5,4,14,Champion
17870,3,12,1894.35,5,5,4,14,Champion
16426,3,10,1908.25,5,5,4,14,Champion
15021,9,9,1914.82,5,5,4,14,Champion
16942,13,9,1920.59,5,5,4,14,Champion
16983,13,7,1931.25,5,5,4,14,Champion
12528,10,6,1933.48,5,5,4,14,Champion
14653,2,7,1947.55,5,5,4,14,Champion
15351,13,7,1960.11,5,5,4,14,Champion
17218,5,10,1960.72,5,5,4,14,Champion
13590,12,6,1981.92,5,5,4,14,Champion
13305,5,10,2000.86,5,5,4,14,Champion
14217,2,17,2004.98,5,5,4,14,Champion
14730,2,8,2005.06,5,5,4,14,Champion
13630,6,7,2031.78,5,5,4,14,Champion
17090,5,7,2043.95,5,5,4,14,Champion
17086,8,6,2050.08,5,5,4,14,Champion
12948,17,7,2064.95,4,5,5,14,Champion
14482,19,6,2068.15,4,5,5,14,Champion
13297,8,4,2089.85,5,4,5,14,Champion
17191,29,7,2095.13,4,5,5,14,Champion
14515,18,6,2102.09,4,5,5,14,Champion
18061,22,10,2119.41,4,5,5,14,Champion
15058,26,11,2124.99,4,5,5,14,Champion
14640,25,6,2125.08,4,5,5,14,Champion
12560,6,3,2134.01,5,4,5,14,Champion
16379,5,4,2157.40,5,4,5,14,Champion
15394,10,4,2183.54,5,4,5,14,Champion
13831,17,6,2202.99,4,5,5,14,Champion
13862,19,8,2209.36,4,5,5,14,Champion
15811,23,6,2218.62,4,5,5,14,Champion
16743,30,7,2238.09,4,5,5,14,Champion
16293,22,10,2248.99,4,5,5,14,Champion
16057,17,7,2263.12,4,5,5,14,Champion
13700,27,10,2265.12,4,5,5,14,Champion
14466,30,7,2272.40,4,5,5,14,Champion
17768,9,3,2273.18,5,4,5,14,Champion
12615,3,4,2291.19,5,4,5,14,Champion
13115,12,4,2294.78,5,4,5,14,Champion
15105,19,7,2298.93,4,5,5,14,Champion
15365,26,7,2314.32,4,5,5,14,Champion
14290,12,5,2314.65,5,4,5,14,Champion
17211,27,8,2317.22,4,5,5,14,Champion
12782,5,5,2330.92,5,4,5,14,Champion
14440,9,5,2357.68,5,4,5,14,Champion
14030,19,8,2360.09,4,5,5,14,Champion
15270,16,7,2379.49,4,5,5,14,Champion
14554,11,4,2381.04,5,4,5,14,Champion
14493,8,5,2383.24,5,4,5,14,Champion
17071,29,9,2429.03,4,5,5,14,Champion
15527,19,8,2429.78,4,5,5,14,Champion
17131,6,5,2463.17,5,4,5,14,Champion
17164,33,7,2467.35,4,5,5,14,Champion
14502,20,11,2470.67,4,5,5,14,Champion
13588,16,9,2478.95,4,5,5,14,Champion
13507,4,4,2479.16,5,4,5,14,Champion
16710,20,10,2483.04,4,5,5,14,Champion
12913,5,5,2483.63,5,4,5,14,Champion
12483,18,8,2484.98,4,5,5,14,Champion
13695,32,15,2504.13,4,5,5,14,Champion
13975,32,6,2526.28,4,5,5,14,Champion
17314,25,8,2527.92,4,5,5,14,Champion
13471,2,4,2531.58,5,4,5,14,Champion
14676,32,6,2548.24,4,5,5,14,Champion
14334,17,8,2552.21,4,5,5,14,Champion
16912,29,11,2575.38,4,5,5,14,Champion
14546,6,5,2578.09,5,4,5,14,Champion
12600,29,10,2599.04,4,5,5,14,Champion
13983,30,12,2603.43,4,5,5,14,Champion
12726,29,7,2609.10,4,5,5,14,Champion
18075,24,10,2611.75,4,5,5,14,Champion
15782,10,3,2614.74,5,4,5,14,Champion
16255,17,8,2619.91,4,5,5,14,Champion
13804,31,7,2635.79,4,5,5,14,Champion
13658,10,5,2639.17,5,4,5,14,Champion
12721,32,6,2656.13,4,5,5,14,Champion
15671,19,7,2657.13,4,5,5,14,Champion
13883,11,5,2674.48,5,4,5,14,Champion
17069,29,9,2709.70,4,5,5,14,Champion
12708,30,10,2712.91,4,5,5,14,Champion
16938,9,4,2736.38,5,4,5,14,Champion
14125,11,3,2740.43,5,4,5,14,Champion
13971,19,8,2758.26,4,5,5,14,Champion
15114,31,10,2760.56,4,5,5,14,Champion
15356,32,10,2766.50,4,5,5,14,Champion
14121,4,4,2780.15,5,4,5,14,Champion
12388,16,6,2780.66,4,5,5,14,Champion
16871,23,6,2812.34,4,5,5,14,Champion
17596,24,7,2827.93,4,5,5,14,Champion
18145,13,4,2861.55,5,4,5,14,Champion
12685,29,6,2863.08,4,5,5,14,Champion
14005,10,5,2874.72,5,4,5,14,Champion
14251,2,5,2879.70,5,4,5,14,Champion
16633,18,6,2883.10,4,5,5,14,Champion
14112,23,7,2915.15,4,5,5,14,Champion
12906,12,5,2919.81,5,4,5,14,Champion
17512,29,10,2924.99,4,5,5,14,Champion
14530,26,6,2925.91,4,5,5,14,Champion
12670,11,5,2996.05,5,4,5,14,Champion
17659,18,12,2999.46,4,5,5,14,Champion
12395,20,12,3018.63,4,5,5,14,Champion
17799,23,10,3055.93,4,5,5,14,Champion
12910,24,8,3075.04,4,5,5,14,Champion
16218,30,7,3084.68,4,5,5,14,Champion
13362,10,4,3090.74,5,4,5,14,Champion
14099,17,11,3104.17,4,5,5,14,Champion
13742,17,12,3131.02,4,5,5,14,Champion
16837,32,11,3170.98,4,5,5,14,Champion
17685,17,7,3191.53,4,5,5,14,Champion
17220,25,14,3198.25,4,5,5,14,Champion
16107,18,7,3204.16,4,5,5,14,Champion
13268,18,11,3214.69,4,5,5,14,Champion
13880,22,13,3219.77,4,5,5,14,Champion
13047,32,10,3237.54,4,5,5,14,Champion
15632,16,8,3285.31,4,5,5,14,Champion
16607,18,14,3347.71,4,5,5,14,Champion
14227,27,10,3350.96,4,5,5,14,Champion
13437,15,7,3408.06,4,5,5,14,Champion
15981,25,8,3408.48,4,5,5,14,Champion
17725,17,11,3439.08,4,5,5,14,Champion
17758,20,8,3456.70,4,5,5,14,Champion
17160,32,6,3518.03,4,5,5,14,Champion
13448,17,6,3539.37,4,5,5,14,Champion
15484,2,4,3594.31,5,4,5,14,Champion
15113,10,3,3609.33,5,4,5,14,Champion
14543,29,16,3630.33,4,5,5,14,Champion
13381,32,6,3639.31,4,5,5,14,Champion
16440,8,5,3640.67,5,4,5,14,Champion
12619,17,9,3641.24,4,5,5,14,Champion
13148,30,12,3707.12,4,5,5,14,Champion
15845,18,8,3711.77,4,5,5,14,Champion
13680,2,4,3722.42,5,4,5,14,Champion
12647,23,12,3722.82,4,5,5,14,Champion
16570,16,10,3738.40,4,5,5,14,Champion
12429,10,4,3750.40,5,4,5,14,Champion
16655,18,6,3794.52,4,5,5,14,Champion
12668,12,4,3807.15,5,4,5,14,Champion
16327,15,6,3844.22,4,5,5,14,Champion
16717,24,6,3858.38,4,5,5,14,Champion
17593,4,5,3927.34,5,4,5,14,Champion
15529,23,11,3995.23,4,5,5,14,Champion
16186,23,12,4006.94,4,5,5,14,Champion
12867,27,7,4036.82,4,5,5,14,Champion
12749,4,5,4090.88,5,4,5,14,Champion
16670,17,11,4095.90,4,5,5,14,Champion
17377,24,20,4100.92,4,5,5,14,Champion
13988,20,6,4147.96,4,5,5,14,Champion
13384,31,7,4151.93,4,5,5,14,Champion
12949,31,8,4167.22,4,5,5,14,Champion
14146,9,5,4191.00,5,4,5,14,Champion
15971,18,12,4199.85,4,5,5,14,Champion
12500,24,11,4257.82,4,5,5,14,Champion
15034,16,8,4308.61,4,5,5,14,Champion
14525,20,9,4332.20,4,5,5,14,Champion
16945,22,19,4345.50,4,5,5,14,Champion
12712,29,13,4396.13,4,5,5,14,Champion
15955,25,14,4416.26,4,5,5,14,Champion
14426,24,10,4481.67,4,5,5,14,Champion
17975,16,13,4488.81,4,5,5,14,Champion
17613,23,14,4559.15,4,5,5,14,Champion
15093,19,6,4597.02,4,5,5,14,Champion
15291,26,15,4668.30,4,5,5,14,Champion
14159,20,11,4693.01,4,5,5,14,Champion
12714,10,5,4708.86,5,4,5,14,Champion
16722,18,13,4730.81,4,5,5,14,Champion
17690,31,15,4757.95,4,5,5,14,Champion
15738,19,16,4812.42,4,5,5,14,Champion
17652,26,12,4867.72,4,5,5,14,Champion
17133,16,7,4892.24,4,5,5,14,Champion
14709,16,13,4921.04,4,5,5,14,Champion
12700,8,4,4939.99,5,4,5,14,Champion
14329,18,7,5014.84,4,5,5,14,Champion
15719,33,13,5045.61,4,5,5,14,Champion
13139,17,7,5064.94,4,5,5,14,Champion
15727,17,7,5178.96,4,5,5,14,Champion
15150,18,10,5314.47,4,5,5,14,Champion
17809,17,12,5411.91,4,5,5,14,Champion
16985,18,10,5464.12,4,5,5,14,Champion
16609,16,7,5493.46,4,5,5,14,Champion
15805,24,17,5528.48,4,5,5,14,Champion
16767,31,11,5580.60,4,5,5,14,Champion
12481,23,10,5596.32,4,5,5,14,Champion
17716,23,11,5655.99,4,5,5,14,Champion
13178,27,11,5725.47,4,5,5,14,Champion
13050,15,17,5836.86,4,5,5,14,Champion
13209,31,8,5891.61,4,5,5,14,Champion
14944,30,12,5900.25,4,5,5,14,Champion
14505,18,8,5905.64,4,5,5,14,Champion
15382,15,6,5955.71,4,5,5,14,Champion
14057,24,17,6217.96,4,5,5,14,Champion
15005,16,28,6316.57,4,5,5,14,Champion
13871,23,13,6403.25,4,5,5,14,Champion
16814,15,21,6509.10,4,5,5,14,Champion
12626,24,9,6620.48,4,5,5,14,Champion
17338,18,8,6643.93,4,5,5,14,Champion
15249,32,13,6688.46,4,5,5,14,Champion
12476,16,11,6816.42,4,5,5,14,Champion
12705,16,9,6868.29,4,5,5,14,Champion
17416,30,7,6893.42,4,5,5,14,Champion
16187,32,15,6911.44,4,5,5,14,Champion
16713,19,15,6923.13,4,5,5,14,Champion
12798,11,3,6977.04,5,4,5,14,Champion
13018,17,28,7277.70,4,5,5,14,Champion
15465,20,18,7354.62,4,5,5,14,Champion
12474,18,18,7375.79,4,5,5,14,Champion
18172,15,20,7561.68,4,5,5,14,Champion
15044,20,17,7700.23,4,5,5,14,Champion
13629,24,11,7792.36,4,5,5,14,Champion
12757,16,13,7857.10,4,5,5,14,Champion
14849,22,25,7930.54,4,5,5,14,Champion
12428,26,9,7956.46,4,5,5,14,Champion
18139,18,6,8438.34,4,5,5,14,Champion
16656,23,15,8625.80,4,5,5,14,Champion
13488,18,13,8968.31,4,5,5,14,Champion
12451,11,5,9035.52,5,4,5,14,Champion
12567,23,10,9401.28,4,5,5,14,Champion
14733,17,12,9585.91,4,5,5,14,Champion
12709,16,15,9736.52,4,5,5,14,Champion
15502,16,12,10384.93,4,5,5,14,Champion
17865,31,20,10526.32,4,5,5,14,Champion
17139,16,12,10668.47,4,5,5,14,Champion
15482,16,12,11054.96,4,5,5,14,Champion
15125,26,15,11528.48,4,5,5,14,Champion
17340,30,11,12353.29,4,5,5,14,Champion
12477,23,6,13219.74,4,5,5,14,Champion
12540,20,17,13400.24,4,5,5,14,Champion
12681,15,22,13787.54,4,5,5,14,Champion
14607,16,14,16569.50,4,5,5,14,Champion
12731,24,12,18895.91,4,5,5,14,Champion
12753,23,6,21429.39,4,5,5,14,Champion
14680,26,16,28754.11,4,5,5,14,Champion
16422,18,51,34684.40,4,5,5,14,Champion
12931,22,15,42055.96,4,5,5,14,Champion
12415,25,21,124914.53,4,5,5,14,Champion
17412,3,7,1258.06,5,5,4,14,Champion
15910,1,8,1232.18,5,5,4,14,Champion
16794,2,10,1222.71,5,5,4,14,Champion
12464,11,8,1212.05,5,5,4,14,Champion
14723,11,6,1158.30,5,5,4,14,Champion
16987,4,7,1625.05,5,5,4,14,Champion
16989,8,6,1133.25,5,5,4,14,Champion
14178,9,7,1620.93,5,5,4,14,Champion
13610,13,7,1131.88,5,5,4,14,Champion
16817,3,9,1604.75,5,5,4,14,Champion
13104,4,6,1098.48,5,5,4,14,Champion
15611,10,13,1591.45,5,5,4,14,Champion
12951,9,6,1064.07,5,5,4,14,Champion
14704,12,9,1546.91,5,5,4,14,Champion
16790,4,6,1545.62,5,5,4,14,Champion
14419,11,6,1058.06,5,5,4,14,Champion
12877,4,12,1535.77,5,5,4,14,Champion
16910,5,8,1510.06,5,5,4,14,Champion
16016,4,8,1508.76,5,5,4,14,Champion
12828,3,6,1018.71,5,5,4,14,Champion
14083,5,9,1018.43,5,5,4,14,Champion
14878,13,9,1485.54,5,5,4,14,Champion
12826,3,7,1474.72,5,5,4,14,Champion
13509,9,7,979.72,5,5,4,14,Champion
15987,13,7,1451.28,5,5,4,14,Champion
17097,3,8,954.42,5,5,4,14,Champion
14071,4,8,1438.82,5,5,4,14,Champion
16103,8,6,1429.64,5,5,4,14,Champion
14901,12,9,1421.29,5,5,4,14,Champion
17288,10,7,1419.73,5,5,4,14,Champion
14741,12,6,1400.34,5,5,4,14,Champion
15453,2,7,1388.37,5,5,4,14,Champion
17676,5,6,1387.68,5,5,4,14,Champion
13232,13,7,1357.60,5,5,4,14,Champion
13743,3,7,1341.60,5,5,4,14,Champion
12919,9,6,1335.19,5,5,4,14,Champion
14794,3,7,1319.91,5,5,4,14,Champion
16744,12,7,1304.76,5,5,4,14,Champion
15602,9,9,1297.87,5,5,4,14,Champion
16929,4,7,1295.39,5,5,4,14,Champion
16949,4,6,1286.27,5,5,4,14,Champion
16899,8,6,1281.56,5,5,4,14,Champion
15009,13,3,1261.78,5,4,4,13,Champion
16688,2,4,1260.86,5,4,4,13,Champion
14931,5,5,1257.68,5,4,4,13,Champion
17481,4,4,1255.59,5,4,4,13,Champion
14698,2,5,1250.76,5,4,4,13,Champion
12494,16,7,1246.10,4,5,4,13,Champion
13860,2,5,1245.90,5,4,4,13,Champion
14428,8,5,1244.83,5,4,4,13,Champion
16531,23,7,1244.59,4,5,4,13,Champion
15737,15,8,1205.12,4,5,4,13,Champion
13211,11,3,1197.42,5,4,4,13,Champion
17867,31,6,1197.10,4,5,4,13,Champion
14487,27,6,1196.33,4,5,4,13,Champion
17526,5,4,1195.90,5,4,4,13,Champion
15145,5,4,1194.73,5,4,4,13,Champion
13882,3,5,1191.13,5,4,4,13,Champion
16062,10,4,1153.62,5,4,4,13,Champion
17135,17,7,1139.73,4,5,4,13,Champion
14759,5,3,1625.97,5,4,4,13,Champion
15172,9,5,1624.05,5,4,4,13,Champion
17101,11,4,1621.73,5,4,4,13,Champion
15500,9,4,1131.56,5,4,4,13,Champion
14824,11,4,1127.71,5,4,4,13,Champion
14129,2,5,1123.86,5,4,4,13,Champion
15436,13,3,1122.53,5,4,4,13,Champion
16992,11,5,1614.31,5,4,4,13,Champion
17562,15,7,1122.38,4,5,4,13,Champion
14719,2,5,1602.13,5,4,4,13,Champion
14587,19,9,1601.14,4,5,4,13,Champion
15660,26,9,1600.86,4,5,4,13,Champion
16496,9,3,1599.52,5,4,4,13,Champion
16833,2,4,1106.53,5,4,4,13,Champion
14948,24,6,1101.97,4,5,4,13,Champion
14744,17,7,1099.98,4,5,4,13,Champion
16332,29,7,1593.20,4,5,4,13,Champion
15197,11,3,1079.61,5,4,4,13,Champion
16094,12,4,1078.23,5,4,4,13,Champion
16283,6,5,1570.81,5,4,4,13,Champion
15712,10,5,1072.36,5,4,4,13,Champion
17522,2,5,1070.71,5,4,4,13,Champion
15906,20,7,1567.69,4,5,4,13,Champion
17287,27,7,1064.11,4,5,4,13,Champion
15701,3,4,1542.14,5,4,4,13,Champion
14583,6,5,1052.55,5,4,4,13,Champion
16365,18,9,1540.42,4,5,4,13,Champion
14293,4,4,1046.56,5,4,4,13,Champion
17042,3,5,1044.38,5,4,4,13,Champion
15392,5,4,1535.53,5,4,4,13,Champion
15073,10,3,1043.41,5,4,4,13,Champion
14321,11,5,1530.75,5,4,4,13,Champion
15434,9,5,1041.48,5,4,4,13,Champion
14446,1,4,1039.58,5,4,4,13,Champion
15916,17,8,1528.09,4,5,4,13,Champion
16915,10,6,621.68,5,5,3,13,Champion
12691,29,6,1035.80,4,5,4,13,Champion
16434,30,7,1522.25,4,5,4,13,Champion
12599,30,7,1032.58,4,5,4,13,Champion
12724,6,4,1031.41,5,4,4,13,Champion
16880,31,7,1519.08,4,5,4,13,Champion
16682,5,5,1028.00,5,4,4,13,Champion
13956,6,5,1026.42,5,4,4,13,Champion
13110,32,7,1488.67,4,5,4,13,Champion
14963,10,5,1487.80,5,4,4,13,Champion
13429,11,4,1006.80,5,4,4,13,Champion
14540,10,3,996.26,5,4,4,13,Champion
16348,33,7,1469.45,4,5,4,13,Champion
18237,3,5,987.10,5,4,4,13,Champion
13117,22,8,984.91,4,5,4,13,Champion
17063,22,7,1461.14,4,5,4,13,Champion
16996,31,6,1456.96,4,5,4,13,Champion
13309,8,5,1456.79,5,4,4,13,Champion
13026,2,5,975.36,5,4,4,13,Champion
12994,5,3,974.42,5,4,4,13,Champion
15747,13,3,974.04,5,4,4,13,Champion
17618,6,3,971.58,5,4,4,13,Champion
13138,23,6,962.39,4,5,4,13,Champion
13159,9,4,1437.85,5,4,4,13,Champion
16271,3,5,1429.24,5,4,4,13,Champion
16173,16,6,1418.32,4,5,4,13,Champion
17856,2,4,1418.03,5,4,4,13,Champion
14649,5,4,1417.29,5,4,4,13,Champion
17236,13,6,916.13,5,5,3,13,Champion
13782,13,6,912.00,5,5,3,13,Champion
14289,9,6,911.26,5,5,3,13,Champion
15237,2,4,1412.32,5,4,4,13,Champion
15898,2,5,1388.88,5,4,4,13,Champion
16539,3,4,1388.81,5,4,4,13,Champion
15134,15,8,1387.99,4,5,4,13,Champion
12952,6,4,1387.79,5,4,4,13,Champion
14507,24,6,1383.18,4,5,4,13,Champion
14434,22,6,1372.80,4,5,4,13,Champion
14897,8,4,1366.38,5,4,4,13,Champion
14102,6,5,1360.28,5,4,4,13,Champion
14859,13,4,1353.74,5,4,4,13,Champion
18177,32,6,1341.42,4,5,4,13,Champion
13991,13,6,855.97,5,5,3,13,Champion
16877,13,6,853.72,5,5,3,13,Champion
15680,10,3,1333.68,5,4,4,13,Champion
12676,25,6,1331.39,4,5,4,13,Champion
16295,10,4,1328.55,5,4,4,13,Champion
14511,12,5,1314.81,5,4,4,13,Champion
12364,8,4,1313.10,5,4,4,13,Champion
14047,9,5,1308.61,5,4,4,13,Champion
14898,24,6,1303.52,4,5,4,13,Champion
12488,10,3,1298.66,5,4,4,13,Champion
16600,5,6,813.52,5,5,3,13,Champion
17961,22,39,1296.44,4,5,4,13,Champion
15621,5,4,1293.03,5,4,4,13,Champion
15136,3,4,1286.70,5,4,4,13,Champion
17114,6,8,808.62,5,5,3,13,Champion
17350,9,4,1286.07,5,4,4,13,Champion
17019,12,4,1272.61,5,4,4,13,Champion
12657,12,4,1643.18,5,4,4,13,Champion
16711,4,5,1651.03,5,4,4,13,Champion
15953,16,8,1659.38,4,5,4,13,Champion
12912,3,5,1662.30,5,4,4,13,Champion
13647,10,4,1678.12,5,4,4,13,Champion
16638,23,10,1680.72,4,5,4,13,Champion
15380,9,5,1690.26,5,4,4,13,Champion
13184,15,10,1701.29,4,5,4,13,Champion
14441,1,4,1712.89,5,4,4,13,Champion
17162,29,10,1715.46,4,5,4,13,Champion
14834,18,6,1720.30,4,5,4,13,Champion
16791,30,7,1721.78,4,5,4,13,Champion
14673,4,5,1736.40,5,4,4,13,Champion
14595,20,6,1740.60,4,5,4,13,Champion
13808,6,5,1747.66,5,4,4,13,Champion
13456,18,6,1766.72,4,5,4,13,Champion
15473,15,7,1771.20,4,5,4,13,Champion
17754,1,5,1772.26,5,4,4,13,Champion
14608,5,4,1785.15,5,4,4,13,Champion
14621,2,5,1788.36,5,4,4,13,Champion
12523,20,11,1789.77,4,5,4,13,Champion
16719,15,7,1790.42,4,5,4,13,Champion
13510,2,4,1791.56,5,4,4,13,Champion
13196,12,4,1797.78,5,4,4,13,Champion
17663,26,7,1802.91,4,5,4,13,Champion
16169,9,4,1822.97,5,4,4,13,Champion
15203,26,6,1827.80,4,5,4,13,Champion
13650,17,6,1836.34,4,5,4,13,Champion
14216,4,4,1839.30,5,4,4,13,Champion
14113,4,4,1840.42,5,4,4,13,Champion
17519,18,6,1844.02,4,5,4,13,Champion
12381,5,5,1845.31,5,4,4,13,Champion
16201,4,4,1863.47,5,4,4,13,Champion
14524,32,9,1867.68,4,5,4,13,Champion
14250,8,3,1904.05,5,4,4,13,Champion
17228,16,8,1906.09,4,5,4,13,Champion
17368,24,8,1912.67,4,5,4,13,Champion
13094,22,12,1927.32,4,5,4,13,Champion
14655,9,4,1932.23,5,4,4,13,Champion
15864,23,6,1936.32,4,5,4,13,Champion
14533,25,7,1949.72,4,5,4,13,Champion
17554,2,5,1952.45,5,4,4,13,Champion
17790,27,14,1965.55,4,5,4,13,Champion
17422,17,6,1979.37,4,5,4,13,Champion
13246,19,6,1987.30,4,5,4,13,Champion
17827,6,5,1995.46,5,4,4,13,Champion
16358,2,4,2027.50,5,4,4,13,Champion
13450,27,6,2043.72,4,5,4,13,Champion
13495,8,5,2044.87,5,4,4,13,Champion
14188,31,6,2054.36,4,5,4,13,Champion
12518,1,5,2056.89,5,4,4,13,Champion
14810,41,11,2087.88,3,5,5,13,"Loyal Customer"
12610,23,5,2099.54,4,4,5,13,Champion
14691,31,5,2114.33,4,4,5,13,Champion
18008,71,9,2116.19,3,5,5,13,"Loyal Customer"
13632,25,5,2121.27,4,4,5,13,Champion
14360,32,4,2128.23,4,4,5,13,Champion
14341,46,8,2182.28,3,5,5,13,"Loyal Customer"
16628,30,5,2188.05,4,4,5,13,Champion
15123,8,2,2199.31,5,3,5,13,"Loyal Customer"
15179,19,5,2206.95,4,4,5,13,Champion
14226,29,5,2232.19,4,4,5,13,Champion
14211,54,9,2241.10,3,5,5,13,"Loyal Customer"
17442,37,6,2248.56,3,5,5,13,"Loyal Customer"
13317,67,6,2273.68,3,5,5,13,"Loyal Customer"
17696,39,8,2285.71,3,5,5,13,"Loyal Customer"
13527,34,7,2287.51,3,5,5,13,"Loyal Customer"
15785,33,5,2328.97,4,4,5,13,Champion
15281,59,9,2332.15,3,5,5,13,"Loyal Customer"
18257,40,8,2337.63,3,5,5,13,"Loyal Customer"
18259,25,3,2338.60,4,4,5,13,Champion
15140,53,7,2354.25,3,5,5,13,"Loyal Customer"
17634,37,9,2361.97,3,5,5,13,"Loyal Customer"
12457,67,7,2363.23,3,5,5,13,"Loyal Customer"
14239,44,11,2380.85,3,5,5,13,"Loyal Customer"
15370,41,7,2386.05,3,5,5,13,"Loyal Customer"
14315,45,6,2481.13,3,5,5,13,"Loyal Customer"
16477,64,7,2494.46,3,5,5,13,"Loyal Customer"
12517,29,5,2502.84,4,4,5,13,Champion
12352,37,8,2506.04,3,5,5,13,"Loyal Customer"
17700,17,4,2534.64,4,4,5,13,Champion
14776,52,11,2538.30,3,5,5,13,"Loyal Customer"
15485,31,3,2575.00,4,4,5,13,Champion
13911,58,9,2580.91,3,5,5,13,"Loyal Customer"
13895,29,4,2593.07,4,4,5,13,Champion
17965,38,14,2622.57,3,5,5,13,"Loyal Customer"
13644,17,4,2624.26,4,4,5,13,Champion
15752,40,7,2637.38,3,5,5,13,"Loyal Customer"
16618,32,5,2647.59,4,4,5,13,Champion
14107,52,7,2703.23,3,5,5,13,"Loyal Customer"
13654,44,6,2707.33,3,5,5,13,"Loyal Customer"
13285,24,4,2709.12,4,4,5,13,Champion
12380,22,4,2724.81,4,4,5,13,Champion
16003,30,5,2735.37,4,4,5,13,Champion
15696,34,8,2736.46,3,5,5,13,"Loyal Customer"
14808,40,8,2741.17,3,5,5,13,"Loyal Customer"
17838,27,5,2779.30,4,4,5,13,Champion
17213,41,7,2781.23,3,5,5,13,"Loyal Customer"
14626,24,4,2791.27,4,4,5,13,Champion
14903,22,5,2810.63,4,4,5,13,Champion
12356,23,3,2811.43,4,4,5,13,Champion
13174,17,3,2817.03,4,4,5,13,Champion
14852,59,6,2836.69,3,5,5,13,"Loyal Customer"
17728,4,3,2876.01,5,3,5,13,"Loyal Customer"
13735,25,4,2885.24,4,4,5,13,Champion
15606,62,9,2920.16,3,5,5,13,"Loyal Customer"
16316,65,8,2938.91,3,5,5,13,"Loyal Customer"
16497,50,6,2965.69,3,5,5,13,"Loyal Customer"
13451,27,5,2976.15,4,4,5,13,Champion
14639,53,6,2984.49,3,5,5,13,"Loyal Customer"
15521,41,8,3000.20,3,5,5,13,"Loyal Customer"
16686,48,7,3062.83,3,5,5,13,"Loyal Customer"
17059,30,5,3095.04,4,4,5,13,Champion
17863,60,6,3160.00,3,5,5,13,"Loyal Customer"
16041,31,3,3166.40,4,4,5,13,Champion
13868,8,2,3192.54,5,3,5,13,"Loyal Customer"
12480,29,4,3281.63,4,4,5,13,Champion
14841,54,6,3295.76,3,5,5,13,"Loyal Customer"
16556,67,7,3313.79,3,5,5,13,"Loyal Customer"
12594,38,10,3338.22,3,5,5,13,"Loyal Customer"
15708,41,7,3364.24,3,5,5,13,"Loyal Customer"
13842,59,9,3385.62,3,5,5,13,"Loyal Customer"
17669,43,7,3406.72,3,5,5,13,"Loyal Customer"
14221,43,9,3432.80,3,5,5,13,"Loyal Customer"
15676,19,3,3435.76,4,4,5,13,Champion
15974,40,7,3442.15,3,5,5,13,"Loyal Customer"
15129,51,11,3447.40,3,5,5,13,"Loyal Customer"
13993,43,9,3466.36,3,5,5,13,"Loyal Customer"
16131,52,6,3506.54,3,5,5,13,"Loyal Customer"
17203,36,6,3563.85,3,5,5,13,"Loyal Customer"
14040,41,12,3614.92,3,5,5,13,"Loyal Customer"
13520,59,6,3624.35,3,5,5,13,"Loyal Customer"
13327,39,8,3627.77,3,5,5,13,"Loyal Customer"
15296,51,6,3672.86,3,5,5,13,"Loyal Customer"
17819,72,7,3704.87,3,5,5,13,"Loyal Customer"
15622,44,9,3709.56,3,5,5,13,"Loyal Customer"
13552,67,12,3740.07,3,5,5,13,"Loyal Customer"
16019,47,9,3786.24,3,5,5,13,"Loyal Customer"
12597,20,4,3811.22,4,4,5,13,Champion
12473,30,5,3938.55,4,4,5,13,Champion
12779,38,8,3981.36,3,5,5,13,"Loyal Customer"
13815,23,4,4027.36,4,4,5,13,Champion
12656,18,5,4051.17,4,4,5,13,Champion
12449,23,4,4067.29,4,4,5,13,Champion
17940,50,10,4106.44,3,5,5,13,"Loyal Customer"
14277,16,3,4216.20,4,4,5,13,Champion
14800,48,12,4339.74,3,5,5,13,"Loyal Customer"
15874,64,7,4405.88,3,5,5,13,"Loyal Customer"
15299,68,7,4507.01,3,5,5,13,"Loyal Customer"
12484,33,6,4541.72,3,5,5,13,"Loyal Customer"
14004,44,7,4582.64,3,5,5,13,"Loyal Customer"
14286,24,3,4628.75,4,4,5,13,Champion
12444,22,5,5005.46,4,4,5,13,Champion
15301,51,12,5070.35,3,5,5,13,"Loyal Customer"
13941,22,5,5112.96,4,4,5,13,Champion
18226,45,11,5228.05,3,5,5,13,"Loyal Customer"
16303,26,3,5360.63,4,4,5,13,Champion
17719,38,15,5396.04,3,5,5,13,"Loyal Customer"
12539,23,4,5568.35,4,4,5,13,Champion
14049,17,4,5681.72,4,4,5,13,Champion
13097,33,10,6010.42,3,5,5,13,"Loyal Customer"
12637,68,8,6021.90,3,5,5,13,"Loyal Customer"
17509,58,8,6115.14,3,5,5,13,"Loyal Customer"
16126,30,4,6287.77,4,4,5,13,Champion
12431,36,15,6487.45,3,5,5,13,"Loyal Customer"
12472,33,7,6572.11,3,5,5,13,"Loyal Customer"
16532,18,3,6748.80,4,4,5,13,Champion
16652,59,7,6773.97,3,5,5,13,"Loyal Customer"
12830,38,6,6814.64,3,5,5,13,"Loyal Customer"
13324,37,10,7121.95,3,5,5,13,"Loyal Customer"
16729,39,21,7239.92,3,5,5,13,"Loyal Customer"
17396,40,8,7330.80,3,5,5,13,"Loyal Customer"
14952,60,11,8099.49,3,5,5,13,"Loyal Customer"
14936,34,8,8137.02,3,5,5,13,"Loyal Customer"
16843,43,16,10196.57,3,5,5,13,"Loyal Customer"
13340,46,7,10736.48,3,5,5,13,"Loyal Customer"
17107,34,6,10815.43,3,5,5,13,"Loyal Customer"
12939,65,8,11581.80,3,5,5,13,"Loyal Customer"
12557,17,5,11990.96,4,4,5,13,Champion
16000,3,3,12393.70,5,3,5,13,"Loyal Customer"
15513,34,19,14758.22,3,5,5,13,"Loyal Customer"
12678,43,12,17628.46,3,5,5,13,"Loyal Customer"
12744,52,7,21279.29,3,5,5,13,"Loyal Customer"
16029,39,63,81024.84,3,5,5,13,"Loyal Customer"
16446,1,2,168472.50,5,3,5,13,"Loyal Customer"
17284,61,6,1652.58,3,5,4,12,"Loyal Customer"
13149,15,4,1676.06,4,4,4,12,Champion
13577,26,4,1687.60,4,4,4,12,Champion
16671,29,3,1692.27,4,4,4,12,Champion
17193,36,7,1699.30,3,5,4,12,"Loyal Customer"
12843,66,8,1702.26,3,5,4,12,"Loyal Customer"
17147,23,4,1714.59,4,4,4,12,Champion
15267,23,5,1717.36,4,4,4,12,Champion
17043,33,4,1735.18,4,4,4,12,Champion
15241,67,8,1756.44,3,5,4,12,"Loyal Customer"
15950,32,4,1765.51,4,4,4,12,Champion
17813,15,5,1770.88,4,4,4,12,Champion
15594,16,5,1771.78,4,4,4,12,Champion
15220,52,6,1778.96,3,5,4,12,"Loyal Customer"
15050,26,3,1782.09,4,4,4,12,Champion
17828,23,4,1820.09,4,4,4,12,Champion
17702,31,4,1824.37,4,4,4,12,Champion
13048,15,4,1835.91,4,4,4,12,Champion
16455,64,7,1841.18,3,5,4,12,"Loyal Customer"
17015,29,3,1842.56,4,4,4,12,Champion
12950,3,3,1843.00,5,3,4,12,"Loyal Customer"
16841,37,6,1869.82,3,5,4,12,"Loyal Customer"
17469,17,5,1870.97,4,4,4,12,Champion
17738,20,4,1879.05,4,4,4,12,Champion
16128,18,5,1880.22,4,4,4,12,Champion
16170,51,6,1885.05,3,5,4,12,"Loyal Customer"
17463,17,5,1896.41,4,4,4,12,Champion
12762,8,2,1898.52,5,3,4,12,"Loyal Customer"
14285,22,4,1910.01,4,4,4,12,Champion
15157,4,3,1936.07,5,3,4,12,"Loyal Customer"
14418,4,3,1937.25,5,3,4,12,"Loyal Customer"
15518,65,8,1942.45,3,5,4,12,"Loyal Customer"
15814,17,4,1945.33,4,4,4,12,Champion
16341,25,4,1971.87,4,4,4,12,Champion
13725,50,8,1980.56,3,5,4,12,"Loyal Customer"
17088,29,4,1991.01,4,4,4,12,Champion
18188,16,3,2001.04,4,4,4,12,Champion
15493,33,5,2001.80,4,4,4,12,Champion
14462,67,11,2004.02,3,5,4,12,"Loyal Customer"
15531,9,2,2007.44,5,3,4,12,"Loyal Customer"
14506,18,5,2012.17,4,4,4,12,Champion
18069,27,5,2036.67,4,4,4,12,Champion
17625,19,4,2047.00,4,4,4,12,Champion
17612,54,6,2048.45,3,5,4,12,"Loyal Customer"
14409,72,6,2059.45,3,5,4,12,"Loyal Customer"
12928,36,5,2062.70,3,4,5,12,"Loyal Customer"
16875,68,5,2095.53,3,4,5,12,"Loyal Customer"
15815,64,5,2100.60,3,4,5,12,"Loyal Customer"
13265,54,5,2107.66,3,4,5,12,"Loyal Customer"
17272,43,4,2148.63,3,4,5,12,"Loyal Customer"
14407,108,6,2157.73,2,5,5,12,"At Risk"
12633,59,4,2163.98,3,4,5,12,"Loyal Customer"
12909,40,5,2178.67,3,4,5,12,"Loyal Customer"
15722,36,5,2222.56,3,4,5,12,"Loyal Customer"
17591,74,7,2225.97,2,5,5,12,"At Risk"
15834,71,4,2233.75,3,4,5,12,"Loyal Customer"
14700,33,3,2235.30,3,4,5,12,"Loyal Customer"
